id,dataset
062_17,faceverse
010_15,faceverse
008_20,faceverse
012_16,faceverse
088_04,faceverse
080_01,faceverse
063_17,faceverse
040_19,faceverse
011_20,faceverse
006_03,faceverse
029_14,faceverse
034_02,faceverse
098_07,faceverse
078_12,faceverse
059_13,faceverse
022_12,faceverse
095_17,faceverse
064_13,faceverse
085_20,faceverse
045_10,faceverse
039_02,faceverse
080_05,faceverse
094_03,faceverse
062_09,faceverse
078_20,faceverse
050_10,faceverse
022_05,faceverse
050_18,faceverse
003_09,faceverse
069_02,faceverse
049_14,faceverse
008_10,faceverse
041_09,faceverse
045_18,faceverse
068_15,faceverse
028_13,faceverse
086_14,faceverse
060_01,faceverse
025_20,faceverse
058_14,faceverse
050_11,faceverse
065_13,faceverse
088_16,faceverse
104_19,faceverse
100_03,faceverse
077_05,faceverse
025_11,faceverse
076_03,faceverse
083_01,faceverse
060_15,faceverse
098_15,faceverse
012_13,faceverse
066_03,faceverse
030_05,faceverse
062_14,faceverse
026_13,faceverse
006_17,faceverse
038_17,faceverse
032_03,faceverse
035_15,faceverse
090_21,faceverse
017_15,faceverse
091_18,faceverse
092_12,faceverse
053_14,faceverse
013_12,faceverse
099_12,faceverse
071_17,faceverse
058_11,faceverse
047_04,faceverse
028_03,faceverse
035_07,faceverse
022_19,faceverse
022_11,faceverse
058_17,faceverse
044_04,faceverse
015_16,faceverse
011_04,faceverse
090_20,faceverse
057_09,faceverse
036_19,faceverse
018_17,faceverse
102_18,faceverse
006_18,faceverse
047_18,faceverse
109_17,faceverse
039_01,faceverse
076_20,faceverse
065_05,faceverse
031_12,faceverse
039_05,faceverse
082_17,faceverse
107_01,faceverse
037_05,faceverse
051_10,faceverse
065_08,faceverse
100_04,faceverse
060_21,faceverse
079_09,faceverse
076_19,faceverse
017_12,faceverse
090_14,faceverse
088_08,faceverse
016_17,faceverse
093_07,faceverse
084_07,faceverse
098_12,faceverse
105_01,faceverse
024_02,faceverse
095_12,faceverse
050_04,faceverse
110_10,faceverse
039_08,faceverse
025_13,faceverse
086_19,faceverse
037_19,faceverse
102_05,faceverse
001_13,faceverse
102_20,faceverse
099_02,faceverse
107_06,faceverse
035_04,faceverse
074_01,faceverse
022_03,faceverse
077_02,faceverse
025_21,faceverse
055_05,faceverse
033_19,faceverse
024_05,faceverse
033_10,faceverse
022_20,faceverse
087_18,faceverse
039_17,faceverse
081_17,faceverse
002_19,faceverse
016_03,faceverse
056_20,faceverse
109_12,faceverse
040_09,faceverse
092_14,faceverse
043_09,faceverse
085_18,faceverse
038_05,faceverse
054_17,faceverse
089_14,faceverse
042_07,faceverse
048_02,faceverse
019_19,faceverse
060_02,faceverse
067_15,faceverse
075_11,faceverse
086_04,faceverse
110_16,faceverse
032_16,faceverse
017_09,faceverse
017_19,faceverse
079_13,faceverse
057_10,faceverse
020_21,faceverse
063_05,faceverse
038_20,faceverse
045_09,faceverse
031_15,faceverse
021_13,faceverse
007_11,faceverse
040_05,faceverse
067_10,faceverse
109_07,faceverse
026_20,faceverse
073_18,faceverse
039_15,faceverse
047_21,faceverse
018_02,faceverse
045_12,faceverse
090_12,faceverse
081_21,faceverse
034_13,faceverse
021_21,faceverse
027_07,faceverse
006_07,faceverse
088_11,faceverse
032_01,faceverse
003_16,faceverse
063_15,faceverse
020_02,faceverse
048_06,faceverse
065_06,faceverse
014_15,faceverse
014_05,faceverse
041_10,faceverse
106_21,faceverse
032_20,faceverse
064_15,faceverse
027_11,faceverse
031_08,faceverse
019_14,faceverse
043_14,faceverse
076_05,faceverse
095_21,faceverse
093_08,faceverse
022_02,faceverse
015_21,faceverse
026_18,faceverse
107_19,faceverse
013_17,faceverse
022_14,faceverse
089_08,faceverse
066_09,faceverse
083_11,faceverse
028_21,faceverse
057_05,faceverse
104_09,faceverse
069_11,faceverse
037_03,faceverse
054_19,faceverse
099_16,faceverse
097_07,faceverse
086_08,faceverse
087_13,faceverse
102_02,faceverse
011_16,faceverse
016_05,faceverse
061_10,faceverse
064_19,faceverse
084_14,faceverse
107_13,faceverse
110_13,faceverse
012_06,faceverse
064_05,faceverse
042_05,faceverse
045_07,faceverse
015_11,faceverse
092_02,faceverse
026_03,faceverse
057_08,faceverse
071_12,faceverse
054_02,faceverse
106_03,faceverse
060_03,faceverse
055_21,faceverse
089_03,faceverse
032_13,faceverse
099_07,faceverse
037_02,faceverse
018_16,faceverse
110_09,faceverse
004_01,faceverse
065_11,faceverse
061_21,faceverse
095_19,faceverse
080_19,faceverse
108_19,faceverse
063_07,faceverse
041_03,faceverse
024_18,faceverse
011_01,faceverse
089_21,faceverse
023_17,faceverse
083_09,faceverse
022_08,faceverse
056_05,faceverse
026_01,faceverse
073_07,faceverse
083_19,faceverse
094_16,faceverse
054_11,faceverse
080_08,faceverse
036_15,faceverse
015_12,faceverse
047_15,faceverse
067_17,faceverse
015_02,faceverse
029_19,faceverse
094_10,faceverse
093_19,faceverse
083_15,faceverse
053_08,faceverse
011_03,faceverse
074_02,faceverse
007_03,faceverse
072_04,faceverse
059_02,faceverse
053_06,faceverse
080_21,faceverse
074_13,faceverse
104_06,faceverse
105_10,faceverse
051_16,faceverse
025_18,faceverse
064_11,faceverse
011_19,faceverse
109_11,faceverse
019_21,faceverse
082_20,faceverse
059_06,faceverse
075_21,faceverse
043_11,faceverse
015_13,faceverse
079_15,faceverse
011_13,faceverse
074_09,faceverse
030_08,faceverse
037_18,faceverse
092_13,faceverse
098_13,faceverse
048_09,faceverse
033_17,faceverse
097_14,faceverse
034_18,faceverse
110_05,faceverse
055_10,faceverse
036_07,faceverse
010_09,faceverse
081_13,faceverse
046_19,faceverse
099_21,faceverse
099_09,faceverse
010_06,faceverse
035_10,faceverse
033_04,faceverse
077_06,faceverse
091_09,faceverse
081_15,faceverse
096_09,faceverse
109_21,faceverse
105_08,faceverse
089_04,faceverse
011_18,faceverse
036_02,faceverse
059_01,faceverse
046_21,faceverse
072_21,faceverse
014_16,faceverse
053_20,faceverse
043_17,faceverse
078_06,faceverse
081_05,faceverse
031_19,faceverse
108_09,faceverse
087_11,faceverse
095_16,faceverse
080_06,faceverse
108_02,faceverse
027_05,faceverse
004_06,faceverse
028_18,faceverse
053_11,faceverse
014_03,faceverse
049_02,faceverse
079_02,faceverse
047_06,faceverse
052_01,faceverse
096_01,faceverse
062_03,faceverse
027_02,faceverse
002_01,faceverse
044_18,faceverse
047_01,faceverse
031_04,faceverse
064_01,faceverse
100_06,faceverse
042_02,faceverse
037_20,faceverse
099_15,faceverse
091_01,faceverse
061_15,faceverse
070_11,faceverse
012_17,faceverse
009_03,faceverse
014_01,faceverse
075_20,faceverse
097_17,faceverse
005_19,faceverse
081_02,faceverse
012_05,faceverse
066_08,faceverse
086_16,faceverse
079_10,faceverse
068_02,faceverse
075_08,faceverse
041_14,faceverse
081_16,faceverse
034_15,faceverse
017_06,faceverse
015_05,faceverse
015_06,faceverse
042_19,faceverse
065_17,faceverse
106_13,faceverse
085_07,faceverse
092_20,faceverse
020_06,faceverse
012_04,faceverse
089_09,faceverse
039_11,faceverse
077_18,faceverse
072_20,faceverse
099_06,faceverse
029_01,faceverse
058_15,faceverse
088_21,faceverse
065_18,faceverse
008_18,faceverse
094_18,faceverse
108_08,faceverse
109_02,faceverse
052_03,faceverse
027_20,faceverse
062_04,faceverse
004_15,faceverse
075_05,faceverse
054_13,faceverse
079_14,faceverse
103_08,faceverse
102_17,faceverse
013_16,faceverse
104_16,faceverse
093_10,faceverse
083_03,faceverse
031_17,faceverse
032_19,faceverse
032_21,faceverse
043_06,faceverse
053_16,faceverse
083_04,faceverse
034_17,faceverse
069_10,faceverse
108_10,faceverse
056_01,faceverse
107_16,faceverse
083_07,faceverse
076_16,faceverse
031_01,faceverse
079_18,faceverse
038_13,faceverse
034_04,faceverse
075_13,faceverse
095_05,faceverse
096_21,faceverse
064_20,faceverse
096_08,faceverse
002_02,faceverse
042_01,faceverse
031_21,faceverse
017_03,faceverse
028_19,faceverse
016_12,faceverse
074_06,faceverse
015_09,faceverse
033_08,faceverse
024_08,faceverse
076_13,faceverse
003_14,faceverse
086_05,faceverse
109_06,faceverse
028_16,faceverse
026_17,faceverse
057_13,faceverse
082_02,faceverse
063_14,faceverse
039_14,faceverse
049_06,faceverse
011_17,faceverse
100_01,faceverse
099_13,faceverse
043_01,faceverse
010_08,faceverse
027_14,faceverse
109_19,faceverse
016_08,faceverse
094_02,faceverse
082_07,faceverse
050_20,faceverse
108_13,faceverse
030_04,faceverse
017_08,faceverse
019_16,faceverse
102_13,faceverse
060_11,faceverse
066_05,faceverse
012_11,faceverse
027_04,faceverse
087_20,faceverse
070_02,faceverse
032_05,faceverse
077_08,faceverse
032_14,faceverse
004_16,faceverse
097_05,faceverse
020_11,faceverse
001_07,faceverse
078_05,faceverse
015_17,faceverse
036_11,faceverse
080_20,faceverse
045_08,faceverse
085_06,faceverse
108_18,faceverse
069_08,faceverse
001_10,faceverse
047_13,faceverse
055_12,faceverse
067_07,faceverse
080_13,faceverse
058_06,faceverse
058_21,faceverse
066_02,faceverse
097_04,faceverse
106_16,faceverse
069_14,faceverse
043_12,faceverse
066_10,faceverse
056_04,faceverse
068_13,faceverse
058_09,faceverse
002_10,faceverse
091_12,faceverse
042_18,faceverse
064_10,faceverse
105_12,faceverse
100_13,faceverse
043_18,faceverse
110_01,faceverse
107_08,faceverse
023_16,faceverse
077_20,faceverse
061_07,faceverse
082_12,faceverse
020_13,faceverse
015_01,faceverse
011_06,faceverse
003_06,faceverse
097_12,faceverse
088_10,faceverse
060_16,faceverse
017_10,faceverse
076_06,faceverse
090_04,faceverse
108_12,faceverse
061_04,faceverse
002_18,faceverse
108_11,faceverse
051_04,faceverse
027_16,faceverse
057_02,faceverse
066_06,faceverse
068_14,faceverse
077_11,faceverse
097_03,faceverse
024_12,faceverse
098_16,faceverse
058_10,faceverse
064_07,faceverse
082_15,faceverse
023_09,faceverse
097_13,faceverse
071_16,faceverse
086_18,faceverse
018_20,faceverse
057_07,faceverse
070_19,faceverse
025_06,faceverse
063_09,faceverse
041_07,faceverse
106_11,faceverse
084_08,faceverse
071_04,faceverse
042_09,faceverse
042_15,faceverse
008_17,faceverse
046_05,faceverse
060_10,faceverse
110_07,faceverse
074_16,faceverse
104_13,faceverse
072_08,faceverse
001_19,faceverse
004_12,faceverse
010_19,faceverse
021_18,faceverse
005_17,faceverse
069_12,faceverse
100_02,faceverse
043_20,faceverse
102_14,faceverse
031_18,faceverse
033_11,faceverse
060_19,faceverse
062_05,faceverse
035_20,faceverse
005_21,faceverse
021_07,faceverse
053_18,faceverse
018_05,faceverse
092_15,faceverse
071_05,faceverse
081_19,faceverse
026_19,faceverse
054_20,faceverse
044_16,faceverse
078_11,faceverse
077_04,faceverse
079_07,faceverse
091_21,faceverse
102_19,faceverse
023_11,faceverse
095_03,faceverse
038_08,faceverse
087_21,faceverse
073_16,faceverse
039_10,faceverse
071_08,faceverse
110_02,faceverse
055_14,faceverse
057_01,faceverse
075_16,faceverse
084_18,faceverse
043_21,faceverse
093_15,faceverse
001_17,faceverse
024_21,faceverse
057_21,faceverse
035_06,faceverse
065_03,faceverse
083_12,faceverse
072_18,faceverse
074_20,faceverse
034_10,faceverse
029_20,faceverse
054_05,faceverse
077_03,faceverse
089_17,faceverse
036_12,faceverse
054_06,faceverse
095_10,faceverse
020_14,faceverse
051_06,faceverse
084_02,faceverse
039_09,faceverse
052_16,faceverse
020_16,faceverse
078_16,faceverse
039_03,faceverse
015_07,faceverse
098_20,faceverse
026_08,faceverse
103_10,faceverse
008_01,faceverse
091_15,faceverse
104_04,faceverse
103_13,faceverse
006_19,faceverse
052_17,faceverse
014_02,faceverse
040_02,faceverse
045_14,faceverse
005_10,faceverse
020_09,faceverse
022_17,faceverse
073_13,faceverse
104_15,faceverse
026_05,faceverse
093_20,faceverse
099_11,faceverse
048_05,faceverse
097_08,faceverse
017_16,faceverse
028_08,faceverse
038_12,faceverse
026_14,faceverse
073_12,faceverse
062_11,faceverse
085_14,faceverse
076_08,faceverse
110_21,faceverse
046_02,faceverse
049_05,faceverse
040_14,faceverse
036_08,faceverse
012_19,faceverse
046_03,faceverse
089_06,faceverse
095_20,faceverse
043_04,faceverse
022_21,faceverse
079_08,faceverse
065_02,faceverse
081_09,faceverse
064_18,faceverse
057_12,faceverse
049_13,faceverse
051_13,faceverse
058_20,faceverse
089_13,faceverse
061_13,faceverse
088_06,faceverse
090_15,faceverse
009_15,faceverse
048_12,faceverse
006_04,faceverse
082_03,faceverse
105_14,faceverse
042_11,faceverse
036_17,faceverse
079_12,faceverse
061_12,faceverse
092_10,faceverse
018_11,faceverse
020_20,faceverse
106_19,faceverse
079_04,faceverse
029_02,faceverse
001_15,faceverse
104_05,faceverse
050_03,faceverse
018_09,faceverse
110_14,faceverse
003_15,faceverse
008_03,faceverse
072_12,faceverse
033_07,faceverse
008_15,faceverse
068_18,faceverse
083_18,faceverse
005_14,faceverse
052_14,faceverse
019_10,faceverse
072_06,faceverse
100_18,faceverse
022_18,faceverse
061_19,faceverse
035_19,faceverse
008_21,faceverse
072_15,faceverse
012_01,faceverse
056_14,faceverse
021_16,faceverse
010_20,faceverse
016_13,faceverse
012_07,faceverse
107_11,faceverse
094_01,faceverse
091_13,faceverse
093_14,faceverse
012_18,faceverse
049_16,faceverse
095_07,faceverse
021_06,faceverse
091_05,faceverse
096_04,faceverse
105_06,faceverse
023_07,faceverse
084_03,faceverse
102_16,faceverse
009_16,faceverse
044_02,faceverse
043_08,faceverse
035_02,faceverse
035_16,faceverse
037_08,faceverse
105_15,faceverse
068_17,faceverse
099_08,faceverse
079_06,faceverse
024_13,faceverse
005_15,faceverse
009_04,faceverse
067_12,faceverse
001_20,faceverse
023_20,faceverse
005_18,faceverse
066_17,faceverse
106_07,faceverse
005_16,faceverse
047_11,faceverse
007_12,faceverse
093_18,faceverse
014_21,faceverse
108_04,faceverse
017_02,faceverse
004_18,faceverse
069_17,faceverse
076_01,faceverse
055_04,faceverse
073_01,faceverse
081_08,faceverse
002_11,faceverse
085_19,faceverse
022_16,faceverse
023_01,faceverse
029_17,faceverse
110_17,faceverse
104_02,faceverse
070_08,faceverse
046_09,faceverse
012_03,faceverse
082_08,faceverse
096_19,faceverse
081_12,faceverse
049_04,faceverse
007_15,faceverse
054_18,faceverse
032_12,faceverse
084_06,faceverse
008_02,faceverse
002_13,faceverse
068_20,faceverse
106_17,faceverse
034_16,faceverse
059_19,faceverse
048_19,faceverse
050_01,faceverse
052_08,faceverse
041_15,faceverse
046_08,faceverse
009_18,faceverse
022_13,faceverse
003_10,faceverse
107_18,faceverse
088_19,faceverse
066_18,faceverse
053_03,faceverse
011_07,faceverse
003_19,faceverse
061_20,faceverse
036_10,faceverse
040_12,faceverse
010_10,faceverse
013_11,faceverse
024_16,faceverse
061_05,faceverse
007_04,faceverse
019_03,faceverse
076_10,faceverse
059_05,faceverse
079_17,faceverse
028_20,faceverse
076_15,faceverse
002_06,faceverse
016_10,faceverse
016_15,faceverse
042_20,faceverse
037_09,faceverse
093_01,faceverse
028_17,faceverse
092_21,faceverse
007_18,faceverse
094_08,faceverse
079_03,faceverse
031_03,faceverse
037_12,faceverse
042_03,faceverse
057_15,faceverse
068_19,faceverse
075_10,faceverse
002_17,faceverse
083_14,faceverse
037_07,faceverse
049_18,faceverse
046_14,faceverse
029_11,faceverse
028_04,faceverse
047_19,faceverse
012_14,faceverse
037_11,faceverse
093_21,faceverse
065_20,faceverse
092_19,faceverse
056_15,faceverse
079_11,faceverse
066_12,faceverse
072_19,faceverse
002_12,faceverse
024_10,faceverse
028_07,faceverse
077_16,faceverse
074_14,faceverse
090_10,faceverse
011_11,faceverse
059_16,faceverse
053_04,faceverse
057_19,faceverse
033_16,faceverse
039_18,faceverse
019_02,faceverse
067_03,faceverse
055_19,faceverse
030_01,faceverse
041_06,faceverse
029_21,faceverse
104_14,faceverse
048_10,faceverse
005_05,faceverse
019_09,faceverse
006_06,faceverse
057_06,faceverse
009_08,faceverse
070_04,faceverse
015_18,faceverse
108_15,faceverse
012_10,faceverse
008_14,faceverse
059_08,faceverse
105_03,faceverse
061_11,faceverse
043_15,faceverse
079_05,faceverse
081_06,faceverse
097_15,faceverse
095_04,faceverse
110_03,faceverse
107_14,faceverse
093_12,faceverse
025_07,faceverse
015_19,faceverse
001_16,faceverse
098_04,faceverse
087_09,faceverse
065_21,faceverse
044_19,faceverse
103_07,faceverse
109_10,faceverse
087_14,faceverse
011_15,faceverse
090_17,faceverse
088_14,faceverse
087_15,faceverse
078_04,faceverse
041_16,faceverse
004_17,faceverse
041_05,faceverse
029_03,faceverse
020_10,faceverse
029_13,faceverse
020_01,faceverse
002_14,faceverse
055_08,faceverse
074_19,faceverse
007_10,faceverse
077_07,faceverse
095_02,faceverse
006_13,faceverse
023_14,faceverse
083_21,faceverse
049_10,faceverse
097_21,faceverse
092_05,faceverse
029_07,faceverse
069_13,faceverse
082_01,faceverse
020_15,faceverse
061_14,faceverse
104_03,faceverse
103_20,faceverse
090_07,faceverse
027_21,faceverse
098_10,faceverse
016_07,faceverse
059_12,faceverse
048_14,faceverse
006_14,faceverse
034_07,faceverse
070_13,faceverse
001_02,faceverse
045_04,faceverse
050_19,faceverse
083_20,faceverse
084_04,faceverse
061_03,faceverse
026_06,faceverse
018_18,faceverse
039_20,faceverse
085_05,faceverse
095_09,faceverse
026_11,faceverse
013_07,faceverse
088_03,faceverse
055_11,faceverse
020_04,faceverse
064_03,faceverse
064_17,faceverse
076_17,faceverse
058_03,faceverse
095_08,faceverse
062_02,faceverse
024_11,faceverse
033_03,faceverse
014_07,faceverse
010_18,faceverse
006_11,faceverse
090_16,faceverse
059_17,faceverse
110_20,faceverse
106_06,faceverse
051_17,faceverse
104_08,faceverse
017_21,faceverse
076_18,faceverse
086_17,faceverse
053_01,faceverse
003_20,faceverse
103_14,faceverse
034_09,faceverse
036_06,faceverse
030_06,faceverse
019_01,faceverse
005_04,faceverse
046_06,faceverse
043_13,faceverse
046_17,faceverse
077_19,faceverse
031_13,faceverse
074_05,faceverse
071_21,faceverse
049_21,faceverse
049_19,faceverse
107_10,faceverse
040_10,faceverse
077_17,faceverse
097_11,faceverse
019_11,faceverse
065_16,faceverse
079_01,faceverse
031_02,faceverse
073_04,faceverse
042_12,faceverse
049_20,faceverse
021_11,faceverse
029_06,faceverse
058_02,faceverse
076_14,faceverse
031_10,faceverse
068_11,faceverse
107_21,faceverse
064_09,faceverse
068_08,faceverse
004_04,faceverse
023_05,faceverse
090_09,faceverse
008_13,faceverse
084_05,faceverse
056_02,faceverse
031_16,faceverse
096_06,faceverse
057_11,faceverse
069_19,faceverse
014_11,faceverse
004_11,faceverse
052_20,faceverse
047_12,faceverse
058_19,faceverse
086_03,faceverse
070_20,faceverse
044_12,faceverse
012_08,faceverse
055_01,faceverse
065_12,faceverse
016_14,faceverse
056_10,faceverse
082_13,faceverse
076_02,faceverse
097_16,faceverse
082_09,faceverse
001_08,faceverse
082_18,faceverse
010_11,faceverse
034_20,faceverse
041_20,faceverse
109_05,faceverse
013_18,faceverse
053_02,faceverse
030_12,faceverse
109_14,faceverse
057_17,faceverse
036_03,faceverse
076_04,faceverse
010_03,faceverse
100_11,faceverse
014_14,faceverse
030_18,faceverse
072_02,faceverse
065_09,faceverse
086_15,faceverse
003_08,faceverse
076_12,faceverse
048_20,faceverse
046_20,faceverse
103_03,faceverse
026_15,faceverse
069_05,faceverse
102_10,faceverse
035_14,faceverse
056_16,faceverse
104_18,faceverse
083_02,faceverse
094_13,faceverse
019_18,faceverse
065_01,faceverse
049_09,faceverse
035_12,faceverse
070_18,faceverse
106_14,faceverse
035_17,faceverse
079_20,faceverse
045_15,faceverse
001_18,faceverse
062_01,faceverse
023_21,faceverse
106_15,faceverse
080_14,faceverse
062_07,faceverse
018_08,faceverse
074_21,faceverse
046_16,faceverse
080_07,faceverse
075_01,faceverse
099_05,faceverse
039_19,faceverse
013_05,faceverse
048_08,faceverse
004_21,faceverse
075_06,faceverse
073_14,faceverse
040_20,faceverse
073_19,faceverse
091_14,faceverse
038_02,faceverse
062_10,faceverse
038_04,faceverse
072_11,faceverse
020_19,faceverse
109_04,faceverse
060_17,faceverse
087_12,faceverse
053_19,faceverse
007_06,faceverse
023_06,faceverse
055_20,faceverse
003_04,faceverse
029_18,faceverse
030_13,faceverse
012_21,faceverse
046_11,faceverse
045_01,faceverse
090_06,faceverse
068_09,faceverse
096_14,faceverse
032_04,faceverse
073_21,faceverse
060_13,faceverse
035_05,faceverse
044_13,faceverse
015_20,faceverse
064_14,faceverse
083_10,faceverse
053_10,faceverse
003_12,faceverse
018_03,faceverse
067_11,faceverse
019_20,faceverse
071_01,faceverse
021_02,faceverse
021_01,faceverse
107_03,faceverse
025_17,faceverse
011_08,faceverse
076_21,faceverse
035_18,faceverse
051_03,faceverse
041_17,faceverse
013_14,faceverse
063_21,faceverse
042_17,faceverse
037_16,faceverse
099_14,faceverse
007_21,faceverse
099_20,faceverse
070_10,faceverse
103_21,faceverse
102_09,faceverse
085_13,faceverse
070_21,faceverse
058_01,faceverse
085_01,faceverse
009_14,faceverse
046_01,faceverse
082_14,faceverse
056_11,faceverse
096_15,faceverse
105_17,faceverse
052_09,faceverse
095_15,faceverse
016_18,faceverse
105_21,faceverse
018_14,faceverse
103_18,faceverse
077_12,faceverse
063_10,faceverse
027_08,faceverse
039_16,faceverse
084_09,faceverse
097_19,faceverse
070_05,faceverse
008_05,faceverse
065_19,faceverse
013_15,faceverse
095_14,faceverse
022_06,faceverse
055_15,faceverse
014_06,faceverse
109_15,faceverse
085_16,faceverse
021_04,faceverse
072_17,faceverse
030_02,faceverse
021_17,faceverse
070_14,faceverse
050_09,faceverse
078_03,faceverse
010_07,faceverse
072_13,faceverse
016_09,faceverse
086_07,faceverse
040_17,faceverse
062_12,faceverse
071_14,faceverse
054_16,faceverse
015_03,faceverse
074_03,faceverse
086_12,faceverse
011_05,faceverse
048_11,faceverse
041_19,faceverse
017_01,faceverse
067_21,faceverse
104_01,faceverse
039_12,faceverse
091_02,faceverse
103_09,faceverse
018_10,faceverse
045_06,faceverse
079_19,faceverse
087_10,faceverse
039_07,faceverse
028_11,faceverse
093_02,faceverse
095_11,faceverse
078_14,faceverse
012_20,faceverse
061_02,faceverse
044_03,faceverse
072_05,faceverse
072_07,faceverse
107_04,faceverse
093_03,faceverse
051_15,faceverse
098_19,faceverse
067_06,faceverse
086_13,faceverse
036_16,faceverse
019_13,faceverse
005_06,faceverse
048_16,faceverse
091_16,faceverse
004_20,faceverse
092_01,faceverse
017_11,faceverse
019_05,faceverse
041_01,faceverse
002_20,faceverse
074_12,faceverse
032_10,faceverse
051_09,faceverse
063_02,faceverse
004_07,faceverse
088_05,faceverse
037_06,faceverse
050_08,faceverse
092_06,faceverse
032_06,faceverse
044_07,faceverse
024_03,faceverse
109_08,faceverse
100_10,faceverse
064_06,faceverse
005_02,faceverse
048_15,faceverse
013_02,faceverse
085_12,faceverse
055_17,faceverse
096_11,faceverse
048_01,faceverse
013_01,faceverse
015_14,faceverse
073_08,faceverse
074_11,faceverse
027_03,faceverse
066_14,faceverse
019_06,faceverse
049_17,faceverse
097_01,faceverse
024_01,faceverse
065_14,faceverse
040_11,faceverse
069_15,faceverse
039_04,faceverse
047_07,faceverse
070_16,faceverse
052_07,faceverse
017_07,faceverse
095_13,faceverse
085_02,faceverse
085_15,faceverse
099_17,faceverse
055_03,faceverse
042_13,faceverse
100_12,faceverse
095_18,faceverse
032_11,faceverse
004_08,faceverse
075_04,faceverse
061_08,faceverse
086_02,faceverse
103_19,faceverse
105_07,faceverse
002_21,faceverse
104_20,faceverse
100_21,faceverse
017_20,faceverse
053_13,faceverse
094_12,faceverse
100_07,faceverse
047_17,faceverse
093_05,faceverse
094_17,faceverse
013_08,faceverse
078_19,faceverse
094_05,faceverse
103_05,faceverse
003_17,faceverse
091_04,faceverse
071_09,faceverse
042_21,faceverse
041_04,faceverse
088_09,faceverse
067_13,faceverse
024_17,faceverse
092_07,faceverse
051_14,faceverse
038_01,faceverse
105_13,faceverse
030_10,faceverse
033_13,faceverse
031_11,faceverse
080_03,faceverse
071_07,faceverse
106_04,faceverse
057_14,faceverse
025_14,faceverse
060_05,faceverse
079_16,faceverse
021_14,faceverse
052_12,faceverse
089_11,faceverse
030_16,faceverse
049_01,faceverse
068_16,faceverse
085_11,faceverse
077_15,faceverse
074_15,faceverse
109_01,faceverse
067_16,faceverse
083_17,faceverse
096_17,faceverse
082_04,faceverse
094_07,faceverse
089_19,faceverse
011_09,faceverse
090_11,faceverse
009_11,faceverse
035_08,faceverse
030_20,faceverse
036_13,faceverse
036_04,faceverse
050_21,faceverse
046_10,faceverse
030_21,faceverse
109_18,faceverse
003_21,faceverse
017_13,faceverse
050_06,faceverse
097_06,faceverse
063_13,faceverse
045_19,faceverse
006_21,faceverse
105_20,faceverse
054_21,faceverse
072_14,faceverse
043_02,faceverse
053_05,faceverse
051_20,faceverse
073_02,faceverse
066_19,faceverse
025_09,faceverse
030_11,faceverse
084_15,faceverse
100_14,faceverse
025_04,faceverse
022_15,faceverse
012_09,faceverse
080_18,faceverse
020_12,faceverse
024_15,faceverse
023_02,faceverse
073_20,faceverse
055_16,faceverse
045_16,faceverse
104_17,faceverse
086_06,faceverse
043_03,faceverse
064_16,faceverse
043_05,faceverse
091_17,faceverse
011_02,faceverse
002_08,faceverse
060_14,faceverse
020_05,faceverse
038_03,faceverse
068_21,faceverse
024_09,faceverse
079_21,faceverse
038_18,faceverse
008_19,faceverse
103_11,faceverse
096_03,faceverse
051_12,faceverse
044_21,faceverse
074_07,faceverse
016_16,faceverse
060_18,faceverse
026_10,faceverse
091_08,faceverse
082_05,faceverse
092_09,faceverse
003_11,faceverse
040_01,faceverse
001_05,faceverse
089_01,faceverse
021_10,faceverse
046_07,faceverse
085_17,faceverse
046_04,faceverse
016_01,faceverse
015_10,faceverse
071_10,faceverse
004_09,faceverse
003_07,faceverse
027_18,faceverse
032_07,faceverse
063_19,faceverse
066_20,faceverse
099_04,faceverse
014_08,faceverse
061_17,faceverse
106_05,faceverse
093_09,faceverse
092_16,faceverse
043_10,faceverse
047_02,faceverse
047_14,faceverse
082_21,faceverse
073_03,faceverse
058_13,faceverse
059_21,faceverse
044_06,faceverse
103_17,faceverse
022_01,faceverse
070_06,faceverse
003_05,faceverse
027_19,faceverse
093_13,faceverse
005_07,faceverse
026_09,faceverse
015_04,faceverse
090_05,faceverse
073_17,faceverse
045_13,faceverse
025_08,faceverse
070_17,faceverse
001_04,faceverse
026_07,faceverse
045_21,faceverse
084_11,faceverse
056_12,faceverse
021_03,faceverse
063_06,faceverse
072_03,faceverse
044_09,faceverse
016_21,faceverse
098_17,faceverse
086_01,faceverse
071_19,faceverse
110_12,faceverse
049_07,faceverse
014_04,faceverse
063_18,faceverse
039_13,faceverse
051_18,faceverse
007_02,faceverse
041_13,faceverse
089_15,faceverse
009_10,faceverse
044_15,faceverse
053_17,faceverse
097_02,faceverse
009_12,faceverse
013_04,faceverse
087_07,faceverse
078_02,faceverse
038_11,faceverse
108_03,faceverse
004_14,faceverse
093_17,faceverse
085_08,faceverse
040_04,faceverse
056_13,faceverse
006_16,faceverse
093_04,faceverse
063_11,faceverse
062_06,faceverse
110_06,faceverse
068_06,faceverse
041_08,faceverse
023_03,faceverse
042_06,faceverse
081_18,faceverse
033_12,faceverse
066_16,faceverse
097_20,faceverse
063_03,faceverse
075_03,faceverse
010_04,faceverse
002_03,faceverse
017_17,faceverse
080_16,faceverse
100_19,faceverse
028_14,faceverse
098_09,faceverse
037_04,faceverse
091_10,faceverse
011_14,faceverse
056_07,faceverse
034_19,faceverse
055_09,faceverse
018_19,faceverse
071_13,faceverse
019_17,faceverse
080_02,faceverse
075_15,faceverse
068_04,faceverse
007_20,faceverse
062_19,faceverse
087_08,faceverse
098_14,faceverse
038_21,faceverse
099_10,faceverse
071_11,faceverse
025_16,faceverse
057_20,faceverse
109_16,faceverse
059_11,faceverse
028_01,faceverse
025_02,faceverse
105_19,faceverse
102_11,faceverse
021_19,faceverse
038_07,faceverse
042_04,faceverse
082_11,faceverse
006_09,faceverse
006_01,faceverse
047_08,faceverse
018_06,faceverse
027_01,faceverse
100_08,faceverse
023_13,faceverse
030_09,faceverse
090_08,faceverse
064_12,faceverse
040_16,faceverse
109_20,faceverse
013_19,faceverse
069_18,faceverse
103_02,faceverse
037_21,faceverse
039_21,faceverse
087_03,faceverse
051_07,faceverse
051_01,faceverse
020_07,faceverse
060_08,faceverse
090_18,faceverse
099_03,faceverse
001_09,faceverse
013_20,faceverse
098_18,faceverse
096_02,faceverse
002_15,faceverse
108_17,faceverse
047_09,faceverse
090_13,faceverse
094_14,faceverse
075_07,faceverse
102_12,faceverse
047_16,faceverse
037_13,faceverse
071_15,faceverse
030_03,faceverse
048_17,faceverse
068_03,faceverse
108_06,faceverse
056_08,faceverse
018_13,faceverse
001_14,faceverse
083_16,faceverse
021_12,faceverse
105_04,faceverse
078_08,faceverse
029_15,faceverse
065_04,faceverse
076_11,faceverse
070_15,faceverse
088_18,faceverse
009_20,faceverse
050_05,faceverse
056_06,faceverse
001_21,faceverse
016_20,faceverse
021_05,faceverse
081_20,faceverse
046_15,faceverse
100_16,faceverse
054_15,faceverse
026_12,faceverse
069_09,faceverse
032_15,faceverse
014_09,faceverse
013_06,faceverse
042_10,faceverse
051_21,faceverse
010_01,faceverse
001_03,faceverse
066_07,faceverse
068_05,faceverse
022_04,faceverse
050_14,faceverse
075_18,faceverse
091_20,faceverse
058_07,faceverse
009_09,faceverse
058_12,faceverse
088_01,faceverse
014_19,faceverse
042_08,faceverse
106_02,faceverse
006_10,faceverse
093_11,faceverse
104_07,faceverse
003_01,faceverse
044_05,faceverse
047_10,faceverse
081_07,faceverse
034_03,faceverse
034_12,faceverse
108_16,faceverse
078_15,faceverse
098_21,faceverse
007_13,faceverse
022_09,faceverse
084_17,faceverse
107_15,faceverse
105_16,faceverse
018_01,faceverse
058_05,faceverse
023_04,faceverse
031_05,faceverse
009_05,faceverse
010_05,faceverse
061_18,faceverse
059_10,faceverse
040_06,faceverse
053_15,faceverse
013_10,faceverse
004_10,faceverse
017_05,faceverse
025_12,faceverse
010_21,faceverse
030_14,faceverse
039_06,faceverse
040_13,faceverse
087_19,faceverse
110_18,faceverse
027_12,faceverse
033_18,faceverse
094_21,faceverse
010_16,faceverse
100_05,faceverse
010_13,faceverse
034_01,faceverse
029_10,faceverse
034_08,faceverse
078_10,faceverse
080_10,faceverse
049_08,faceverse
004_13,faceverse
049_12,faceverse
006_02,faceverse
006_15,faceverse
013_03,faceverse
020_03,faceverse
085_10,faceverse
100_17,faceverse
067_05,faceverse
026_02,faceverse
038_10,faceverse
051_02,faceverse
028_02,faceverse
001_06,faceverse
096_07,faceverse
065_10,faceverse
105_05,faceverse
008_12,faceverse
001_01,faceverse
108_14,faceverse
087_05,faceverse
036_01,faceverse
059_03,faceverse
007_14,faceverse
017_04,faceverse
080_11,faceverse
106_20,faceverse
009_07,faceverse
010_17,faceverse
076_07,faceverse
051_11,faceverse
053_21,faceverse
066_21,faceverse
043_07,faceverse
081_01,faceverse
021_20,faceverse
110_11,faceverse
060_12,faceverse
050_07,faceverse
057_18,faceverse
018_12,faceverse
040_03,faceverse
080_12,faceverse
050_13,faceverse
089_12,faceverse
108_05,faceverse
029_08,faceverse
086_10,faceverse
052_06,faceverse
045_11,faceverse
107_09,faceverse
067_19,faceverse
049_03,faceverse
070_09,faceverse
054_12,faceverse
019_08,faceverse
084_12,faceverse
086_20,faceverse
110_08,faceverse
015_08,faceverse
084_20,faceverse
094_15,faceverse
025_15,faceverse
033_20,faceverse
084_16,faceverse
041_02,faceverse
081_14,faceverse
094_20,faceverse
088_12,faceverse
087_01,faceverse
067_08,faceverse
053_09,faceverse
056_03,faceverse
076_09,faceverse
029_04,faceverse
062_08,faceverse
049_15,faceverse
030_07,faceverse
032_08,faceverse
068_10,faceverse
067_04,faceverse
075_14,faceverse
091_11,faceverse
013_09,faceverse
088_07,faceverse
066_11,faceverse
052_19,faceverse
047_20,faceverse
005_03,faceverse
020_17,faceverse
036_09,faceverse
098_11,faceverse
025_01,faceverse
010_02,faceverse
009_17,faceverse
067_02,faceverse
028_05,faceverse
072_16,faceverse
096_13,faceverse
023_18,faceverse
033_02,faceverse
008_09,faceverse
027_13,faceverse
102_21,faceverse
023_08,faceverse
087_02,faceverse
089_05,faceverse
009_01,faceverse
016_11,faceverse
077_09,faceverse
097_10,faceverse
023_12,faceverse
056_21,faceverse
035_21,faceverse
038_14,faceverse
104_12,faceverse
004_05,faceverse
107_17,faceverse
084_01,faceverse
005_11,faceverse
060_06,faceverse
073_06,faceverse
107_07,faceverse
095_06,faceverse
006_05,faceverse
029_12,faceverse
005_20,faceverse
073_15,faceverse
028_15,faceverse
018_07,faceverse
018_04,faceverse
021_15,faceverse
054_14,faceverse
012_12,faceverse
081_04,faceverse
106_08,faceverse
003_03,faceverse
026_04,faceverse
002_07,faceverse
035_13,faceverse
087_04,faceverse
062_21,faceverse
105_18,faceverse
042_14,faceverse
058_08,faceverse
102_04,faceverse
036_14,faceverse
057_16,faceverse
074_10,faceverse
058_04,faceverse
066_13,faceverse
106_01,faceverse
007_17,faceverse
035_03,faceverse
016_02,faceverse
061_01,faceverse
048_18,faceverse
018_21,faceverse
065_07,faceverse
027_09,faceverse
055_18,faceverse
082_06,faceverse
065_15,faceverse
052_10,faceverse
024_19,faceverse
046_12,faceverse
069_20,faceverse
084_13,faceverse
084_10,faceverse
036_05,faceverse
022_10,faceverse
035_01,faceverse
072_01,faceverse
037_10,faceverse
009_02,faceverse
105_11,faceverse
031_20,faceverse
062_13,faceverse
107_12,faceverse
055_13,faceverse
062_15,faceverse
099_01,faceverse
033_01,faceverse
025_05,faceverse
005_01,faceverse
069_06,faceverse
056_18,faceverse
069_04,faceverse
038_15,faceverse
034_21,faceverse
005_13,faceverse
085_09,faceverse
092_04,faceverse
099_18,faceverse
040_07,faceverse
103_06,faceverse
004_02,faceverse
005_08,faceverse
027_17,faceverse
068_01,faceverse
064_04,faceverse
068_12,faceverse
004_03,faceverse
077_10,faceverse
033_15,faceverse
055_07,faceverse
048_04,faceverse
008_04,faceverse
050_15,faceverse
106_12,faceverse
080_09,faceverse
060_20,faceverse
102_06,faceverse
041_18,faceverse
029_16,faceverse
060_07,faceverse
002_05,faceverse
038_06,faceverse
109_09,faceverse
054_07,faceverse
013_13,faceverse
057_03,faceverse
026_16,faceverse
002_09,faceverse
025_03,faceverse
044_20,faceverse
045_20,faceverse
084_19,faceverse
088_13,faceverse
096_16,faceverse
028_06,faceverse
016_04,faceverse
089_18,faceverse
027_10,faceverse
070_03,faceverse
066_04,faceverse
083_13,faceverse
094_04,faceverse
023_10,faceverse
060_09,faceverse
105_02,faceverse
006_20,faceverse
077_21,faceverse
031_09,faceverse
055_06,faceverse
096_18,faceverse
034_06,faceverse
075_12,faceverse
056_09,faceverse
095_01,faceverse
067_09,faceverse
069_03,faceverse
035_11,faceverse
063_08,faceverse
067_14,faceverse
048_07,faceverse
054_01,faceverse
044_11,faceverse
009_19,faceverse
023_15,faceverse
002_04,faceverse
094_19,faceverse
108_01,faceverse
011_10,faceverse
037_17,faceverse
075_17,faceverse
048_13,faceverse
096_10,faceverse
106_09,faceverse
046_18,faceverse
074_18,faceverse
080_04,faceverse
061_06,faceverse
007_05,faceverse
103_01,faceverse
008_07,faceverse
052_18,faceverse
102_03,faceverse
091_06,faceverse
088_02,faceverse
073_11,faceverse
053_12,faceverse
072_09,faceverse
037_15,faceverse
054_04,faceverse
067_18,faceverse
092_18,faceverse
087_17,faceverse
001_11,faceverse
037_14,faceverse
061_16,faceverse
098_02,faceverse
051_05,faceverse
103_04,faceverse
085_04,faceverse
067_20,faceverse
096_05,faceverse
033_05,faceverse
103_15,faceverse
025_19,faceverse
071_06,faceverse
024_07,faceverse
003_13,faceverse
091_07,faceverse
015_15,faceverse
030_15,faceverse
037_01,faceverse
071_18,faceverse
086_09,faceverse
063_20,faceverse
004_19,faceverse
024_06,faceverse
040_21,faceverse
049_11,faceverse
086_11,faceverse
006_08,faceverse
044_01,faceverse
102_07,faceverse
016_19,faceverse
071_03,faceverse
047_03,faceverse
073_09,faceverse
105_09,faceverse
073_10,faceverse
029_05,faceverse
069_07,faceverse
005_12,faceverse
033_06,faceverse
108_21,faceverse
102_08,faceverse
104_11,faceverse
081_11,faceverse
044_14,faceverse
036_18,faceverse
093_06,faceverse
044_08,faceverse
100_20,faceverse
075_02,faceverse
040_18,faceverse
034_05,faceverse
012_15,faceverse
091_03,faceverse
021_08,faceverse
078_13,faceverse
002_16,faceverse
068_07,faceverse
074_08,faceverse
054_09,faceverse
016_06,faceverse
063_12,faceverse
017_14,faceverse
048_21,faceverse
011_12,faceverse
054_10,faceverse
069_01,faceverse
040_08,faceverse
092_17,faceverse
025_10,faceverse
018_15,faceverse
052_15,faceverse
038_16,faceverse
073_05,faceverse
034_14,faceverse
078_21,faceverse
014_18,faceverse
044_17,faceverse
058_16,faceverse
008_11,faceverse
093_16,faceverse
028_12,faceverse
063_16,faceverse
090_02,faceverse
104_21,faceverse
045_02,faceverse
059_20,faceverse
078_07,faceverse
027_15,faceverse
089_16,faceverse
098_01,faceverse
083_05,faceverse
085_03,faceverse
094_06,faceverse
074_04,faceverse
024_04,faceverse
064_21,faceverse
096_12,faceverse
031_07,faceverse
009_06,faceverse
007_01,faceverse
108_07,faceverse
020_18,faceverse
007_07,faceverse
064_02,faceverse
081_03,faceverse
014_17,faceverse
070_12,faceverse
094_09,faceverse
038_09,faceverse
085_21,faceverse
062_16,faceverse
019_04,faceverse
066_15,faceverse
077_13,faceverse
055_02,faceverse
075_09,faceverse
096_20,faceverse
092_11,faceverse
013_21,faceverse
109_13,faceverse
043_19,faceverse
064_08,faceverse
043_16,faceverse
052_04,faceverse
050_12,faceverse
041_21,faceverse
091_19,faceverse
077_01,faceverse
033_09,faceverse
030_17,faceverse
022_07,faceverse
090_19,faceverse
102_15,faceverse
014_13,faceverse
010_12,faceverse
090_03,faceverse
003_18,faceverse
107_02,faceverse
059_07,faceverse
098_08,faceverse
053_07,faceverse
033_21,faceverse
059_04,faceverse
007_08,faceverse
098_06,faceverse
102_01,faceverse
001_12,faceverse
008_16,faceverse
061_09,faceverse
014_10,faceverse
019_15,faceverse
109_03,faceverse
067_01,faceverse
045_05,faceverse
069_16,faceverse
098_05,faceverse
048_03,faceverse
021_09,faceverse
078_01,faceverse
052_02,faceverse
052_21,faceverse
050_02,faceverse
031_06,faceverse
070_07,faceverse
019_12,faceverse
089_20,faceverse
106_10,faceverse
033_14,faceverse
028_10,faceverse
032_17,faceverse
046_13,faceverse
011_21,faceverse
056_17,faceverse
058_18,faceverse
103_16,faceverse
024_14,faceverse
006_12,faceverse
083_06,faceverse
083_08,faceverse
082_10,faceverse
035_09,faceverse
052_11,faceverse
089_07,faceverse
107_05,faceverse
054_08,faceverse
038_19,faceverse
005_09,faceverse
059_15,faceverse
044_10,faceverse
082_16,faceverse
075_19,faceverse
008_08,faceverse
052_05,faceverse
098_03,faceverse
027_06,faceverse
094_11,faceverse
097_18,faceverse
107_20,faceverse
014_20,faceverse
047_05,faceverse
087_16,faceverse
074_17,faceverse
092_03,faceverse
063_01,faceverse
080_15,faceverse
057_04,faceverse
056_19,faceverse
088_17,faceverse
024_20,faceverse
080_17,faceverse
032_09,faceverse
078_17,faceverse
036_20,faceverse
019_07,faceverse
059_18,faceverse
009_13,faceverse
052_13,faceverse
092_08,faceverse
020_08,faceverse
106_18,faceverse
050_17,faceverse
032_18,faceverse
108_20,faceverse
088_15,faceverse
110_04,faceverse
103_12,faceverse
010_14,faceverse
054_03,faceverse
089_02,faceverse
059_09,faceverse
042_16,faceverse
023_19,faceverse
012_02,faceverse
077_14,faceverse
087_06,faceverse
036_21,faceverse
110_19,faceverse
062_20,faceverse
051_08,faceverse
031_14,faceverse
008_06,faceverse
060_04,faceverse
078_18,faceverse
090_01,faceverse
063_04,faceverse
097_09,faceverse
081_10,faceverse
099_19,faceverse
072_10,faceverse
045_03,faceverse
071_02,faceverse
104_10,faceverse
082_19,faceverse
066_01,faceverse
051_19,faceverse
030_19,faceverse
110_15,faceverse
100_09,faceverse
041_11,faceverse
045_17,faceverse
059_14,faceverse
062_18,faceverse
032_02,faceverse
014_12,faceverse
050_16,faceverse
007_16,faceverse
070_01,faceverse
003_02,faceverse
029_09,faceverse
017_18,faceverse
086_21,faceverse
041_12,faceverse
088_20,faceverse
071_20,faceverse
040_15,faceverse
069_21,faceverse
100_15,faceverse
089_10,faceverse
007_19,faceverse
034_11,faceverse
007_09,faceverse
078_09,faceverse
084_21,faceverse
028_09,faceverse
009_21,faceverse
026_21,faceverse
